grp1,grp1_size,grp2,grp2_size,p-value
45-49_70's,45,70's,28,0.0127757143635387
>56_70's,33,70's,28,0.010822067382065158
35-44_70's,75,70's,28,0.0027233406044381604
